Cidade;UF;Polo Regional;Prazo de Entrega;Veículo de Rota;Frete Mínimo (R$);Regra Frete Mínimo;Frete Peso (R$/Kg);Fator de Cubagem (kg/m³);Limite Valor NF (R$);Reentrega;Devolução;Observação
Américo Brasiliense;SP;São Carlos;Até 24h;Fiat Strada;60,00;Até 51 kg (sem cubagem);0,85;300;1.500,00;50% do frete original;100% do frete original;Frete peso cobrado pelo maior peso (físico ou cubado). Reentrega cobrada 50% do frete original. Devolução cobrada 100%.
Araraquara;SP;São Carlos;Até 24h;Fiat Strada;60,00;Até 51 kg (sem cubagem);0,85;300;1.500,00;50% do frete original;100% do frete original;Frete peso cobrado pelo maior peso (físico ou cubado). Reentrega cobrada 50% do frete original. Devolução cobrada 100%.
Araçatuba;SP;Araçatuba;Até 24h;Fiat Strada;60,00;Até 51 kg (sem cubagem);0,85;300;1.500,00;50% do frete original;100% do frete original;Frete peso cobrado pelo maior peso (físico ou cubado). Reentrega cobrada 50% do frete original. Devolução cobrada 100%.
Ariranha;SP;Catanduva;Até 24h;Van de Carga;60,00;Até 51 kg (sem cubagem);0,85;300;1.500,00;50% do frete original;100% do frete original;Frete peso cobrado pelo maior peso (físico ou cubado). Reentrega cobrada 50% do frete original. Devolução cobrada 100%.
Aspásia;SP;Santa Fé do Sul;Até 24h;Van de Carga;60,00;Até 51 kg (sem cubagem);0,85;300;1.500,00;50% do frete original;100% do frete original;Frete peso cobrado pelo maior peso (físico ou cubado). Reentrega cobrada 50% do frete original. Devolução cobrada 100%.
Auriflama;SP;Araçatuba;Até 24h;Fiat Strada;60,00;Até 51 kg (sem cubagem);0,85;300;1.500,00;50% do frete original;100% do frete original;Frete peso cobrado pelo maior peso (físico ou cubado). Reentrega cobrada 50% do frete original. Devolução cobrada 100%.
Barbosa;SP;Penápolis;Até 24h;Caminhão VUC (Até 3,7m);60,00;Até 51 kg (sem cubagem);0,85;300;1.500,00;50% do frete original;100% do frete original;Frete peso cobrado pelo maior peso (físico ou cubado). Reentrega cobrada 50% do frete original. Devolução cobrada 100%.
Barretos;SP;Barretos;Até 24h;Fiat Strada;60,00;Até 51 kg (sem cubagem);0,85;300;1.500,00;50% do frete original;100% do frete original;Frete peso cobrado pelo maior peso (físico ou cubado). Reentrega cobrada 50% do frete original. Devolução cobrada 100%.
Barrinha;SP;Ribeirão Preto;Até 24h;Caminhão VUC (Até 3,7m);60,00;Até 51 kg (sem cubagem);0,85;300;1.500,00;50% do frete original;100% do frete original;Frete peso cobrado pelo maior peso (físico ou cubado). Reentrega cobrada 50% do frete original. Devolução cobrada 100%.
Bebedouro;SP;Barretos;Até 24h;Fiat Strada;60,00;Até 51 kg (sem cubagem);0,85;300;1.500,00;50% do frete original;100% do frete original;Frete peso cobrado pelo maior peso (físico ou cubado). Reentrega cobrada 50% do frete original. Devolução cobrada 100%.
Bilac;SP;Araçatuba;Até 48h;Fiat Strada;60,00;Até 51 kg (sem cubagem);0,85;300;1.500,00;50% do frete original;100% do frete original;Frete peso cobrado pelo maior peso (físico ou cubado). Reentrega cobrada 50% do frete original. Devolução cobrada 100%.
Birigui;SP;Araçatuba;Até 24h;Fiat Strada;60,00;Até 51 kg (sem cubagem);0,85;300;1.500,00;50% do frete original;100% do frete original;Frete peso cobrado pelo maior peso (físico ou cubado). Reentrega cobrada 50% do frete original. Devolução cobrada 100%.
Borborema;SP;Catanduva;Até 24h;Van de Carga;60,00;Até 51 kg (sem cubagem);0,85;300;1.500,00;50% do frete original;100% do frete original;Frete peso cobrado pelo maior peso (físico ou cubado). Reentrega cobrada 50% do frete original. Devolução cobrada 100%.
Brasitânia;SP;Santa Fé do Sul;Até 24h;Van de Carga;60,00;Até 51 kg (sem cubagem);0,85;300;1.500,00;50% do frete original;100% do frete original;Frete peso cobrado pelo maior peso (físico ou cubado). Reentrega cobrada 50% do frete original. Devolução cobrada 100%.
Buritama;SP;Araçatuba;Até 24h;Fiat Strada;60,00;Até 51 kg (sem cubagem);0,85;300;1.500,00;50% do frete original;100% do frete original;Frete peso cobrado pelo maior peso (físico ou cubado). Reentrega cobrada 50% do frete original. Devolução cobrada 100%.
Bálsamo;SP;Santa Fé do Sul;Até 24h;Van de Carga;60,00;Até 51 kg (sem cubagem);0,85;300;1.500,00;50% do frete original;100% do frete original;Frete peso cobrado pelo maior peso (físico ou cubado). Reentrega cobrada 50% do frete original. Devolução cobrada 100%.
Cajobi;SP;Barretos;Até 24h;Fiat Strada;60,00;Até 51 kg (sem cubagem);0,85;300;1.500,00;50% do frete original;100% do frete original;Frete peso cobrado pelo maior peso (físico ou cubado). Reentrega cobrada 50% do frete original. Devolução cobrada 100%.
Candido Rodrigues;SP;São Carlos;Até 24h;Fiat Strada;60,00;Até 51 kg (sem cubagem);0,85;300;1.500,00;50% do frete original;100% do frete original;Frete peso cobrado pelo maior peso (físico ou cubado). Reentrega cobrada 50% do frete original. Devolução cobrada 100%.
Catanduva;SP;Catanduva;Até 24h;Van de Carga;60,00;Até 51 kg (sem cubagem);0,85;300;1.500,00;50% do frete original;100% do frete original;Frete peso cobrado pelo maior peso (físico ou cubado). Reentrega cobrada 50% do frete original. Devolução cobrada 100%.
Catiguá;SP;Catanduva;Até 24h;Van de Carga;60,00;Até 51 kg (sem cubagem);0,85;300;1.500,00;50% do frete original;100% do frete original;Frete peso cobrado pelo maior peso (físico ou cubado). Reentrega cobrada 50% do frete original. Devolução cobrada 100%.
Cedral;SP;Catanduva;Até 24h;Van de Carga;60,00;Até 51 kg (sem cubagem);0,85;300;1.500,00;50% do frete original;100% do frete original;Frete peso cobrado pelo maior peso (físico ou cubado). Reentrega cobrada 50% do frete original. Devolução cobrada 100%.
Colina;SP;Barretos;Até 24h;Fiat Strada;60,00;Até 51 kg (sem cubagem);0,85;300;1.500,00;50% do frete original;100% do frete original;Frete peso cobrado pelo maior peso (físico ou cubado). Reentrega cobrada 50% do frete original. Devolução cobrada 100%.
Coroados;SP;Penápolis;Até 24h;Caminhão VUC (Até 3,7m);60,00;Até 51 kg (sem cubagem);0,85;300;1.500,00;50% do frete original;100% do frete original;Frete peso cobrado pelo maior peso (físico ou cubado). Reentrega cobrada 50% do frete original. Devolução cobrada 100%.
Cosmorama;SP;Santa Fé do Sul;Até 24h;Van de Carga;60,00;Até 51 kg (sem cubagem);0,85;300;1.500,00;50% do frete original;100% do frete original;Frete peso cobrado pelo maior peso (físico ou cubado). Reentrega cobrada 50% do frete original. Devolução cobrada 100%.
Cravinhos;SP;Ribeirão Preto;Até 24h;Caminhão VUC (Até 3,7m);60,00;Até 51 kg (sem cubagem);0,85;300;1.500,00;50% do frete original;100% do frete original;Frete peso cobrado pelo maior peso (físico ou cubado). Reentrega cobrada 50% do frete original. Devolução cobrada 100%.
Dirce Reis;SP;Santa Fé do Sul;Até 24h;Van de Carga;60,00;Até 51 kg (sem cubagem);0,85;300;1.500,00;50% do frete original;100% do frete original;Frete peso cobrado pelo maior peso (físico ou cubado). Reentrega cobrada 50% do frete original. Devolução cobrada 100%.
Dobrada;SP;São Carlos;Até 24h;Fiat Strada;60,00;Até 51 kg (sem cubagem);0,85;300;1.500,00;50% do frete original;100% do frete original;Frete peso cobrado pelo maior peso (físico ou cubado). Reentrega cobrada 50% do frete original. Devolução cobrada 100%.
Dolcinópolis;SP;Santa Fé do Sul;Até 24h;Van de Carga;60,00;Até 51 kg (sem cubagem);0,85;300;1.500,00;50% do frete original;100% do frete original;Frete peso cobrado pelo maior peso (físico ou cubado). Reentrega cobrada 50% do frete original. Devolução cobrada 100%.
Dumont;SP;Ribeirão Preto;Até 24h;Caminhão VUC (Até 3,7m);60,00;Até 51 kg (sem cubagem);0,85;300;1.500,00;50% do frete original;100% do frete original;Frete peso cobrado pelo maior peso (físico ou cubado). Reentrega cobrada 50% do frete original. Devolução cobrada 100%.
Ecatu;SP;Santa Fé do Sul;Até 24h;Van de Carga;60,00;Até 51 kg (sem cubagem);0,85;300;1.500,00;50% do frete original;100% do frete original;Frete peso cobrado pelo maior peso (físico ou cubado). Reentrega cobrada 50% do frete original. Devolução cobrada 100%.
Elisiário;SP;Catanduva;Até 24h;Van de Carga;60,00;Até 51 kg (sem cubagem);0,85;300;1.500,00;50% do frete original;100% do frete original;Frete peso cobrado pelo maior peso (físico ou cubado). Reentrega cobrada 50% do frete original. Devolução cobrada 100%.
Embaúba;SP;São Carlos;Até 24h;Fiat Strada;60,00;Até 51 kg (sem cubagem);0,85;300;1.500,00;50% do frete original;100% do frete original;Frete peso cobrado pelo maior peso (físico ou cubado). Reentrega cobrada 50% do frete original. Devolução cobrada 100%.
Estrela d'Oeste;SP;Santa Fé do Sul;Até 24h;Van de Carga;60,00;Até 51 kg (sem cubagem);0,85;300;1.500,00;50% do frete original;100% do frete original;Frete peso cobrado pelo maior peso (físico ou cubado). Reentrega cobrada 50% do frete original. Devolução cobrada 100%.
Fernando Prestes;SP;São Carlos;Até 24h;Fiat Strada;60,00;Até 51 kg (sem cubagem);0,85;300;1.500,00;50% do frete original;100% do frete original;Frete peso cobrado pelo maior peso (físico ou cubado). Reentrega cobrada 50% do frete original. Devolução cobrada 100%.
Fernandópolis;SP;Santa Fé do Sul;Até 24h;Van de Carga;60,00;Até 51 kg (sem cubagem);0,85;300;1.500,00;50% do frete original;100% do frete original;Frete peso cobrado pelo maior peso (físico ou cubado). Reentrega cobrada 50% do frete original. Devolução cobrada 100%.
Floreal;SP;Araçatuba;Até 24h;Fiat Strada;60,00;Até 51 kg (sem cubagem);0,85;300;1.500,00;50% do frete original;100% do frete original;Frete peso cobrado pelo maior peso (físico ou cubado). Reentrega cobrada 50% do frete original. Devolução cobrada 100%.
Gastão Vidigal;SP;Araçatuba;Até 24h;Fiat Strada;60,00;Até 51 kg (sem cubagem);0,85;300;1.500,00;50% do frete original;100% do frete original;Frete peso cobrado pelo maior peso (físico ou cubado). Reentrega cobrada 50% do frete original. Devolução cobrada 100%.
General Salgado;SP;Araçatuba;Até 24h;Fiat Strada;60,00;Até 51 kg (sem cubagem);0,85;300;1.500,00;50% do frete original;100% do frete original;Frete peso cobrado pelo maior peso (físico ou cubado). Reentrega cobrada 50% do frete original. Devolução cobrada 100%.
Glicério;SP;Araçatuba;Até 24h;Fiat Strada;60,00;Até 51 kg (sem cubagem);0,85;300;1.500,00;50% do frete original;100% do frete original;Frete peso cobrado pelo maior peso (físico ou cubado). Reentrega cobrada 50% do frete original. Devolução cobrada 100%.
Guapiaçu;SP;Barretos;Até 24h;Fiat Strada;60,00;Até 51 kg (sem cubagem);0,85;300;1.500,00;50% do frete original;100% do frete original;Frete peso cobrado pelo maior peso (físico ou cubado). Reentrega cobrada 50% do frete original. Devolução cobrada 100%.
Guarani d'Oeste;SP;Santa Fé do Sul;Até 48h;Van de Carga;60,00;Até 51 kg (sem cubagem);0,85;300;1.500,00;50% do frete original;100% do frete original;Frete peso cobrado pelo maior peso (físico ou cubado). Reentrega cobrada 50% do frete original. Devolução cobrada 100%.
Guararapes;SP;Araçatuba;Até 48h;Fiat Strada;60,00;Até 51 kg (sem cubagem);0,85;300;1.500,00;50% do frete original;100% do frete original;Frete peso cobrado pelo maior peso (físico ou cubado). Reentrega cobrada 50% do frete original. Devolução cobrada 100%.
Guariba;SP;Ribeirão Preto;Até 24h;Caminhão VUC (Até 3,7m);60,00;Até 51 kg (sem cubagem);0,85;300;1.500,00;50% do frete original;100% do frete original;Frete peso cobrado pelo maior peso (físico ou cubado). Reentrega cobrada 50% do frete original. Devolução cobrada 100%.
Ibaté;SP;São Carlos;Até 24h;Fiat Strada;60,00;Até 51 kg (sem cubagem);0,85;300;1.500,00;50% do frete original;100% do frete original;Frete peso cobrado pelo maior peso (físico ou cubado). Reentrega cobrada 50% do frete original. Devolução cobrada 100%.
Ibirá;SP;Catanduva;Até 24h;Van de Carga;60,00;Até 51 kg (sem cubagem);0,85;300;1.500,00;50% do frete original;100% do frete original;Frete peso cobrado pelo maior peso (físico ou cubado). Reentrega cobrada 50% do frete original. Devolução cobrada 100%.
Ibitinga;SP;Catanduva;Até 24h;Van de Carga;60,00;Até 51 kg (sem cubagem);0,85;300;1.500,00;50% do frete original;100% do frete original;Frete peso cobrado pelo maior peso (físico ou cubado). Reentrega cobrada 50% do frete original. Devolução cobrada 100%.
Ida Iolanda;SP;Araçatuba;Até 24h;Fiat Strada;60,00;Até 51 kg (sem cubagem);0,85;300;1.500,00;50% do frete original;100% do frete original;Frete peso cobrado pelo maior peso (físico ou cubado). Reentrega cobrada 50% do frete original. Devolução cobrada 100%.
Indiaporã;SP;Santa Fé do Sul;Até 48h;Van de Carga;60,00;Até 51 kg (sem cubagem);0,85;300;1.500,00;50% do frete original;100% do frete original;Frete peso cobrado pelo maior peso (físico ou cubado). Reentrega cobrada 50% do frete original. Devolução cobrada 100%.
Irapuã;SP;Catanduva;Até 24h;Van de Carga;60,00;Até 51 kg (sem cubagem);0,85;300;1.500,00;50% do frete original;100% do frete original;Frete peso cobrado pelo maior peso (físico ou cubado). Reentrega cobrada 50% do frete original. Devolução cobrada 100%.
Itaiúba;SP;Araçatuba;Até 24h;Fiat Strada;60,00;Até 51 kg (sem cubagem);0,85;300;1.500,00;50% do frete original;100% do frete original;Frete peso cobrado pelo maior peso (físico ou cubado). Reentrega cobrada 50% do frete original. Devolução cobrada 100%.
Itajobi;SP;Catanduva;Até 24h;Van de Carga;60,00;Até 51 kg (sem cubagem);0,85;300;1.500,00;50% do frete original;100% do frete original;Frete peso cobrado pelo maior peso (físico ou cubado). Reentrega cobrada 50% do frete original. Devolução cobrada 100%.
Itápolis;SP;Catanduva;Até 24h;Van de Carga;60,00;Até 51 kg (sem cubagem);0,85;300;1.500,00;50% do frete original;100% do frete original;Frete peso cobrado pelo maior peso (físico ou cubado). Reentrega cobrada 50% do frete original. Devolução cobrada 100%.
Jaborandi;SP;Barretos;Até 24h;Fiat Strada;60,00;Até 51 kg (sem cubagem);0,85;300;1.500,00;50% do frete original;100% do frete original;Frete peso cobrado pelo maior peso (físico ou cubado). Reentrega cobrada 50% do frete original. Devolução cobrada 100%.
Jaboticabal;SP;Ribeirão Preto;Até 24h;Caminhão VUC (Até 3,7m);60,00;Até 51 kg (sem cubagem);0,85;300;1.500,00;50% do frete original;100% do frete original;Frete peso cobrado pelo maior peso (físico ou cubado). Reentrega cobrada 50% do frete original. Devolução cobrada 100%.
Jaci;SP;São José Do Rio Preto;Até 24h;Caminhão VUC (Até 3,7m);60,00;Até 51 kg (sem cubagem);0,85;300;1.500,00;50% do frete original;100% do frete original;Frete peso cobrado pelo maior peso (físico ou cubado). Reentrega cobrada 50% do frete original. Devolução cobrada 100%.
Jales;SP;Santa Fé do Sul;Até 24h;Van de Carga;60,00;Até 51 kg (sem cubagem);0,85;300;1.500,00;50% do frete original;100% do frete original;Frete peso cobrado pelo maior peso (físico ou cubado). Reentrega cobrada 50% do frete original. Devolução cobrada 100%.
Jardinópolis;SP;Ribeirão Preto;Até 48h;Caminhão VUC (Até 3,7m);60,00;Até 51 kg (sem cubagem);0,85;300;1.500,00;50% do frete original;100% do frete original;Frete peso cobrado pelo maior peso (físico ou cubado). Reentrega cobrada 50% do frete original. Devolução cobrada 100%.
José Bonifácio;SP;Lins;Até 24h;Caminhão VUC (Até 3,7m);60,00;Até 51 kg (sem cubagem);0,85;300;1.500,00;50% do frete original;100% do frete original;Frete peso cobrado pelo maior peso (físico ou cubado). Reentrega cobrada 50% do frete original. Devolução cobrada 100%.
Lins;SP;Lins;Até 24h;Caminhão VUC (Até 3,7m);60,00;Até 51 kg (sem cubagem);0,85;300;1.500,00;50% do frete original;100% do frete original;Frete peso cobrado pelo maior peso (físico ou cubado). Reentrega cobrada 50% do frete original. Devolução cobrada 100%.
Macaubal;SP;Araçatuba;Até 24h;Fiat Strada;60,00;Até 51 kg (sem cubagem);0,85;300;1.500,00;50% do frete original;100% do frete original;Frete peso cobrado pelo maior peso (físico ou cubado). Reentrega cobrada 50% do frete original. Devolução cobrada 100%.
Macedônia;SP;Santa Fé do Sul;Até 48h;Van de Carga;60,00;Até 51 kg (sem cubagem);0,85;300;1.500,00;50% do frete original;100% do frete original;Frete peso cobrado pelo maior peso (físico ou cubado). Reentrega cobrada 50% do frete original. Devolução cobrada 100%.
Magda;SP;Araçatuba;Até 24h;Fiat Strada;60,00;Até 51 kg (sem cubagem);0,85;300;1.500,00;50% do frete original;100% do frete original;Frete peso cobrado pelo maior peso (físico ou cubado). Reentrega cobrada 50% do frete original. Devolução cobrada 100%.
Marapoama;SP;Catanduva;Até 24h;Van de Carga;60,00;Até 51 kg (sem cubagem);0,85;300;1.500,00;50% do frete original;100% do frete original;Frete peso cobrado pelo maior peso (físico ou cubado). Reentrega cobrada 50% do frete original. Devolução cobrada 100%.
Matão;SP;São Carlos;Até 24h;Fiat Strada;60,00;Até 51 kg (sem cubagem);0,85;300;1.500,00;50% do frete original;100% do frete original;Frete peso cobrado pelo maior peso (físico ou cubado). Reentrega cobrada 50% do frete original. Devolução cobrada 100%.
Mendonça;SP;Lins;Até 48h;Caminhão VUC (Até 3,7m);60,00;Até 51 kg (sem cubagem);0,85;300;1.500,00;50% do frete original;100% do frete original;Frete peso cobrado pelo maior peso (físico ou cubado). Reentrega cobrada 50% do frete original. Devolução cobrada 100%.
Meridiano;SP;Santa Fé do Sul;Até 24h;Van de Carga;60,00;Até 51 kg (sem cubagem);0,85;300;1.500,00;50% do frete original;100% do frete original;Frete peso cobrado pelo maior peso (físico ou cubado). Reentrega cobrada 50% do frete original. Devolução cobrada 100%.
Mira Estrela;SP;Santa Fé do Sul;Até 48h;Van de Carga;60,00;Até 51 kg (sem cubagem);0,85;300;1.500,00;50% do frete original;100% do frete original;Frete peso cobrado pelo maior peso (físico ou cubado). Reentrega cobrada 50% do frete original. Devolução cobrada 100%.
Mirassol;SP;São José Do Rio Preto;Até 24h;Caminhão VUC (Até 3,7m);60,00;Até 51 kg (sem cubagem);0,85;300;1.500,00;50% do frete original;100% do frete original;Frete peso cobrado pelo maior peso (físico ou cubado). Reentrega cobrada 50% do frete original. Devolução cobrada 100%.
Monte Alto;SP;São Carlos;Até 24h;Fiat Strada;60,00;Até 51 kg (sem cubagem);0,85;300;1.500,00;50% do frete original;100% do frete original;Frete peso cobrado pelo maior peso (físico ou cubado). Reentrega cobrada 50% do frete original. Devolução cobrada 100%.
Monte Aprazível;SP;Araçatuba;Até 24h;Fiat Strada;60,00;Até 51 kg (sem cubagem);0,85;300;1.500,00;50% do frete original;100% do frete original;Frete peso cobrado pelo maior peso (físico ou cubado). Reentrega cobrada 50% do frete original. Devolução cobrada 100%.
Monte Azul Paulista;SP;Barretos;Até 24h;Fiat Strada;60,00;Até 51 kg (sem cubagem);0,85;300;1.500,00;50% do frete original;100% do frete original;Frete peso cobrado pelo maior peso (físico ou cubado). Reentrega cobrada 50% do frete original. Devolução cobrada 100%.
Monções;SP;Araçatuba;Até 24h;Fiat Strada;60,00;Até 51 kg (sem cubagem);0,85;300;1.500,00;50% do frete original;100% do frete original;Frete peso cobrado pelo maior peso (físico ou cubado). Reentrega cobrada 50% do frete original. Devolução cobrada 100%.
Neves Paulista;SP;Araçatuba;Até 24h;Fiat Strada;60,00;Até 51 kg (sem cubagem);0,85;300;1.500,00;50% do frete original;100% do frete original;Frete peso cobrado pelo maior peso (físico ou cubado). Reentrega cobrada 50% do frete original. Devolução cobrada 100%.
Nhandeara;SP;Araçatuba;Até 24h;Fiat Strada;60,00;Até 51 kg (sem cubagem);0,85;300;1.500,00;50% do frete original;100% do frete original;Frete peso cobrado pelo maior peso (físico ou cubado). Reentrega cobrada 50% do frete original. Devolução cobrada 100%.
Nipoã;SP;Araçatuba;Até 24h;Fiat Strada;60,00;Até 51 kg (sem cubagem);0,85;300;1.500,00;50% do frete original;100% do frete original;Frete peso cobrado pelo maior peso (físico ou cubado). Reentrega cobrada 50% do frete original. Devolução cobrada 100%.
Nova Aliança;SP;Lins;Até 24h;Caminhão VUC (Até 3,7m);60,00;Até 51 kg (sem cubagem);0,85;300;1.500,00;50% do frete original;100% do frete original;Frete peso cobrado pelo maior peso (físico ou cubado). Reentrega cobrada 50% do frete original. Devolução cobrada 100%.
Novais;SP;São Carlos;Até 24h;Fiat Strada;60,00;Até 51 kg (sem cubagem);0,85;300;1.500,00;50% do frete original;100% do frete original;Frete peso cobrado pelo maior peso (físico ou cubado). Reentrega cobrada 50% do frete original. Devolução cobrada 100%.
Novo Horizonte;SP;Catanduva;Até 24h;Van de Carga;60,00;Até 51 kg (sem cubagem);0,85;300;1.500,00;50% do frete original;100% do frete original;Frete peso cobrado pelo maior peso (físico ou cubado). Reentrega cobrada 50% do frete original. Devolução cobrada 100%.
Olímpia;SP;Barretos;Até 24h;Fiat Strada;60,00;Até 51 kg (sem cubagem);0,85;300;1.500,00;50% do frete original;100% do frete original;Frete peso cobrado pelo maior peso (físico ou cubado). Reentrega cobrada 50% do frete original. Devolução cobrada 100%.
Ouroeste;SP;Santa Fé do Sul;Até 48h;Van de Carga;60,00;Até 51 kg (sem cubagem);0,85;300;1.500,00;50% do frete original;100% do frete original;Frete peso cobrado pelo maior peso (físico ou cubado). Reentrega cobrada 50% do frete original. Devolução cobrada 100%.
Palmares Paulista;SP;São Carlos;Até 24h;Fiat Strada;60,00;Até 51 kg (sem cubagem);0,85;300;1.500,00;50% do frete original;100% do frete original;Frete peso cobrado pelo maior peso (físico ou cubado). Reentrega cobrada 50% do frete original. Devolução cobrada 100%.
Palmeira d'Oeste;SP;Santa Fé do Sul;Até 48h;Van de Carga;60,00;Até 51 kg (sem cubagem);0,85;300;1.500,00;50% do frete original;100% do frete original;Frete peso cobrado pelo maior peso (físico ou cubado). Reentrega cobrada 50% do frete original. Devolução cobrada 100%.
Paranapuã;SP;Santa Fé do Sul;Até 24h;Van de Carga;60,00;Até 51 kg (sem cubagem);0,85;300;1.500,00;50% do frete original;100% do frete original;Frete peso cobrado pelo maior peso (físico ou cubado). Reentrega cobrada 50% do frete original. Devolução cobrada 100%.
Paraíso;SP;São Carlos;Até 24h;Fiat Strada;60,00;Até 51 kg (sem cubagem);0,85;300;1.500,00;50% do frete original;100% do frete original;Frete peso cobrado pelo maior peso (físico ou cubado). Reentrega cobrada 50% do frete original. Devolução cobrada 100%.
Parisi;SP;Santa Fé do Sul;Até 24h;Van de Carga;60,00;Até 51 kg (sem cubagem);0,85;300;1.500,00;50% do frete original;100% do frete original;Frete peso cobrado pelo maior peso (físico ou cubado). Reentrega cobrada 50% do frete original. Devolução cobrada 100%.
Pedranópolis;SP;Santa Fé do Sul;Até 24h;Van de Carga;60,00;Até 51 kg (sem cubagem);0,85;300;1.500,00;50% do frete original;100% do frete original;Frete peso cobrado pelo maior peso (físico ou cubado). Reentrega cobrada 50% do frete original. Devolução cobrada 100%.
Penápolis;SP;Penápolis;Até 24h;Caminhão VUC (Até 3,7m);60,00;Até 51 kg (sem cubagem);0,85;300;1.500,00;50% do frete original;100% do frete original;Frete peso cobrado pelo maior peso (físico ou cubado). Reentrega cobrada 50% do frete original. Devolução cobrada 100%.
Pindorama;SP;Catanduva;Até 24h;Van de Carga;60,00;Até 51 kg (sem cubagem);0,85;300;1.500,00;50% do frete original;100% do frete original;Frete peso cobrado pelo maior peso (físico ou cubado). Reentrega cobrada 50% do frete original. Devolução cobrada 100%.
Pirangi;SP;São Carlos;Até 24h;Fiat Strada;60,00;Até 51 kg (sem cubagem);0,85;300;1.500,00;50% do frete original;100% do frete original;Frete peso cobrado pelo maior peso (físico ou cubado). Reentrega cobrada 50% do frete original. Devolução cobrada 100%.
Pitangueiras;SP;Barretos;Até 24h;Fiat Strada;60,00;Até 51 kg (sem cubagem);0,85;300;1.500,00;50% do frete original;100% do frete original;Frete peso cobrado pelo maior peso (físico ou cubado). Reentrega cobrada 50% do frete original. Devolução cobrada 100%.
Planalto;SP;Araçatuba;Até 24h;Fiat Strada;60,00;Até 51 kg (sem cubagem);0,85;300;1.500,00;50% do frete original;100% do frete original;Frete peso cobrado pelo maior peso (físico ou cubado). Reentrega cobrada 50% do frete original. Devolução cobrada 100%.
Poloni;SP;Araçatuba;Até 24h;Fiat Strada;60,00;Até 51 kg (sem cubagem);0,85;300;1.500,00;50% do frete original;100% do frete original;Frete peso cobrado pelo maior peso (físico ou cubado). Reentrega cobrada 50% do frete original. Devolução cobrada 100%.
Pontal;SP;Ribeirão Preto;Até 24h;Caminhão VUC (Até 3,7m);60,00;Até 51 kg (sem cubagem);0,85;300;1.500,00;50% do frete original;100% do frete original;Frete peso cobrado pelo maior peso (físico ou cubado). Reentrega cobrada 50% do frete original. Devolução cobrada 100%.
Pontalinda;SP;Santa Fé do Sul;Até 48h;Van de Carga;60,00;Até 51 kg (sem cubagem);0,85;300;1.500,00;50% do frete original;100% do frete original;Frete peso cobrado pelo maior peso (físico ou cubado). Reentrega cobrada 50% do frete original. Devolução cobrada 100%.
Populina;SP;Santa Fé do Sul;Até 48h;Van de Carga;60,00;Até 51 kg (sem cubagem);0,85;300;1.500,00;50% do frete original;100% do frete original;Frete peso cobrado pelo maior peso (físico ou cubado). Reentrega cobrada 50% do frete original. Devolução cobrada 100%.
Potirendaba;SP;Catanduva;Até 24h;Van de Carga;60,00;Até 51 kg (sem cubagem);0,85;300;1.500,00;50% do frete original;100% do frete original;Frete peso cobrado pelo maior peso (físico ou cubado). Reentrega cobrada 50% do frete original. Devolução cobrada 100%.
Pradópolis;SP;Ribeirão Preto;Até 24h;Caminhão VUC (Até 3,7m);60,00;Até 51 kg (sem cubagem);0,85;300;1.500,00;50% do frete original;100% do frete original;Frete peso cobrado pelo maior peso (físico ou cubado). Reentrega cobrada 50% do frete original. Devolução cobrada 100%.
Promissão;SP;Lins;Até 24h;Caminhão VUC (Até 3,7m);60,00;Até 51 kg (sem cubagem);0,85;300;1.500,00;50% do frete original;100% do frete original;Frete peso cobrado pelo maior peso (físico ou cubado). Reentrega cobrada 50% do frete original. Devolução cobrada 100%.
Ribeirão Preto;SP;Ribeirão Preto;Até 24h;Caminhão VUC (Até 3,7m);60,00;Até 51 kg (sem cubagem);0,85;300;1.500,00;50% do frete original;100% do frete original;Frete peso cobrado pelo maior peso (físico ou cubado). Reentrega cobrada 50% do frete original. Devolução cobrada 100%.
Rubinéia;SP;Santa Fé do Sul;Até 48h;Van de Carga;60,00;Até 51 kg (sem cubagem);0,85;300;1.500,00;50% do frete original;100% do frete original;Frete peso cobrado pelo maior peso (físico ou cubado). Reentrega cobrada 50% do frete original. Devolução cobrada 100%.
Santa Adélia;SP;Catanduva;Até 24h;Van de Carga;60,00;Até 51 kg (sem cubagem);0,85;300;1.500,00;50% do frete original;100% do frete original;Frete peso cobrado pelo maior peso (físico ou cubado). Reentrega cobrada 50% do frete original. Devolução cobrada 100%.
Santa Albertina;SP;Santa Fé do Sul;Até 48h;Van de Carga;60,00;Até 51 kg (sem cubagem);0,85;300;1.500,00;50% do frete original;100% do frete original;Frete peso cobrado pelo maior peso (físico ou cubado). Reentrega cobrada 50% do frete original. Devolução cobrada 100%.
Santa Clara d'Oeste;SP;Santa Fé do Sul;Até 48h;Van de Carga;60,00;Até 51 kg (sem cubagem);0,85;300;1.500,00;50% do frete original;100% do frete original;Frete peso cobrado pelo maior peso (físico ou cubado). Reentrega cobrada 50% do frete original. Devolução cobrada 100%.
Santa Ernestina;SP;São Carlos;Até 24h;Fiat Strada;60,00;Até 51 kg (sem cubagem);0,85;300;1.500,00;50% do frete original;100% do frete original;Frete peso cobrado pelo maior peso (físico ou cubado). Reentrega cobrada 50% do frete original. Devolução cobrada 100%.
Santa Fé do Sul;SP;Santa Fé do Sul;Até 24h;Van de Carga;60,00;Até 51 kg (sem cubagem);0,85;300;1.500,00;50% do frete original;100% do frete original;Frete peso cobrado pelo maior peso (físico ou cubado). Reentrega cobrada 50% do frete original. Devolução cobrada 100%.
Santa Rita d'Oeste;SP;Santa Fé do Sul;Até 48h;Van de Carga;60,00;Até 51 kg (sem cubagem);0,85;300;1.500,00;50% do frete original;100% do frete original;Frete peso cobrado pelo maior peso (físico ou cubado). Reentrega cobrada 50% do frete original. Devolução cobrada 100%.
Santa Salete;SP;Santa Fé do Sul;Até 24h;Van de Carga;60,00;Até 51 kg (sem cubagem);0,85;300;1.500,00;50% do frete original;100% do frete original;Frete peso cobrado pelo maior peso (físico ou cubado). Reentrega cobrada 50% do frete original. Devolução cobrada 100%.
Santana da Ponte Pensa;SP;Santa Fé do Sul;Até 24h;Van de Carga;60,00;Até 51 kg (sem cubagem);0,85;300;1.500,00;50% do frete original;100% do frete original;Frete peso cobrado pelo maior peso (físico ou cubado). Reentrega cobrada 50% do frete original. Devolução cobrada 100%.
Santo Antônio do Aracanguá;SP;Araçatuba;Até 24h;Fiat Strada;60,00;Até 51 kg (sem cubagem);0,85;300;1.500,00;50% do frete original;100% do frete original;Frete peso cobrado pelo maior peso (físico ou cubado). Reentrega cobrada 50% do frete original. Devolução cobrada 100%.
Serrana;SP;Ribeirão Preto;Até 48h;Caminhão VUC (Até 3,7m);60,00;Até 51 kg (sem cubagem);0,85;300;1.500,00;50% do frete original;100% do frete original;Frete peso cobrado pelo maior peso (físico ou cubado). Reentrega cobrada 50% do frete original. Devolução cobrada 100%.
Sertãozinho;SP;Ribeirão Preto;Até 24h;Caminhão VUC (Até 3,7m);60,00;Até 51 kg (sem cubagem);0,85;300;1.500,00;50% do frete original;100% do frete original;Frete peso cobrado pelo maior peso (físico ou cubado). Reentrega cobrada 50% do frete original. Devolução cobrada 100%.
Severínia;SP;Barretos;Até 24h;Fiat Strada;60,00;Até 51 kg (sem cubagem);0,85;300;1.500,00;50% do frete original;100% do frete original;Frete peso cobrado pelo maior peso (físico ou cubado). Reentrega cobrada 50% do frete original. Devolução cobrada 100%.
Simonsen;SP;Santa Fé do Sul;Até 24h;Van de Carga;60,00;Até 51 kg (sem cubagem);0,85;300;1.500,00;50% do frete original;100% do frete original;Frete peso cobrado pelo maior peso (físico ou cubado). Reentrega cobrada 50% do frete original. Devolução cobrada 100%.
São Carlos;SP;São Carlos;Até 24h;Fiat Strada;60,00;Até 51 kg (sem cubagem);0,85;300;1.500,00;50% do frete original;100% do frete original;Frete peso cobrado pelo maior peso (físico ou cubado). Reentrega cobrada 50% do frete original. Devolução cobrada 100%.
São Francisco;SP;Santa Fé do Sul;Até 48h;Van de Carga;60,00;Até 51 kg (sem cubagem);0,85;300;1.500,00;50% do frete original;100% do frete original;Frete peso cobrado pelo maior peso (físico ou cubado). Reentrega cobrada 50% do frete original. Devolução cobrada 100%.
São José do Rio Preto;SP;São José Do Rio Preto;Até 24h;Caminhão VUC (Até 3,7m);60,00;Até 51 kg (sem cubagem);0,85;300;1.500,00;50% do frete original;100% do frete original;Frete peso cobrado pelo maior peso (físico ou cubado). Reentrega cobrada 50% do frete original. Devolução cobrada 100%.
São João das Duas Pontes;SP;Santa Fé do Sul;Até 24h;Van de Carga;60,00;Até 51 kg (sem cubagem);0,85;300;1.500,00;50% do frete original;100% do frete original;Frete peso cobrado pelo maior peso (físico ou cubado). Reentrega cobrada 50% do frete original. Devolução cobrada 100%.
São Luís de Japiúba;SP;Araçatuba;Até 24h;Fiat Strada;60,00;Até 51 kg (sem cubagem);0,85;300;1.500,00;50% do frete original;100% do frete original;Frete peso cobrado pelo maior peso (físico ou cubado). Reentrega cobrada 50% do frete original. Devolução cobrada 100%.
Tabapuã;SP;São Carlos;Até 24h;Fiat Strada;60,00;Até 51 kg (sem cubagem);0,85;300;1.500,00;50% do frete original;100% do frete original;Frete peso cobrado pelo maior peso (físico ou cubado). Reentrega cobrada 50% do frete original. Devolução cobrada 100%.
Tabatinga;SP;Catanduva;Até 48h;Van de Carga;60,00;Até 51 kg (sem cubagem);0,85;300;1.500,00;50% do frete original;100% do frete original;Frete peso cobrado pelo maior peso (físico ou cubado). Reentrega cobrada 50% do frete original. Devolução cobrada 100%.
Tanabi;SP;Santa Fé do Sul;Até 24h;Van de Carga;60,00;Até 51 kg (sem cubagem);0,85;300;1.500,00;50% do frete original;100% do frete original;Frete peso cobrado pelo maior peso (físico ou cubado). Reentrega cobrada 50% do frete original. Devolução cobrada 100%.
Taquaritinga;SP;São Carlos;Até 24h;Fiat Strada;60,00;Até 51 kg (sem cubagem);0,85;300;1.500,00;50% do frete original;100% do frete original;Frete peso cobrado pelo maior peso (físico ou cubado). Reentrega cobrada 50% do frete original. Devolução cobrada 100%.
Terra Roxa;SP;Barretos;Até 24h;Fiat Strada;60,00;Até 51 kg (sem cubagem);0,85;300;1.500,00;50% do frete original;100% do frete original;Frete peso cobrado pelo maior peso (físico ou cubado). Reentrega cobrada 50% do frete original. Devolução cobrada 100%.
Três Fronteiras;SP;Santa Fé do Sul;Até 24h;Van de Carga;60,00;Até 51 kg (sem cubagem);0,85;300;1.500,00;50% do frete original;100% do frete original;Frete peso cobrado pelo maior peso (físico ou cubado). Reentrega cobrada 50% do frete original. Devolução cobrada 100%.
Turiúba;SP;Araçatuba;Até 24h;Fiat Strada;60,00;Até 51 kg (sem cubagem);0,85;300;1.500,00;50% do frete original;100% do frete original;Frete peso cobrado pelo maior peso (físico ou cubado). Reentrega cobrada 50% do frete original. Devolução cobrada 100%.
Turmalina;SP;Santa Fé do Sul;Até 48h;Van de Carga;60,00;Até 51 kg (sem cubagem);0,85;300;1.500,00;50% do frete original;100% do frete original;Frete peso cobrado pelo maior peso (físico ou cubado). Reentrega cobrada 50% do frete original. Devolução cobrada 100%.
Ubarana;SP;Lins;Até 48h;Caminhão VUC (Até 3,7m);60,00;Até 51 kg (sem cubagem);0,85;300;1.500,00;50% do frete original;100% do frete original;Frete peso cobrado pelo maior peso (físico ou cubado). Reentrega cobrada 50% do frete original. Devolução cobrada 100%.
Uchoa;SP;São Carlos;Até 24h;Fiat Strada;60,00;Até 51 kg (sem cubagem);0,85;300;1.500,00;50% do frete original;100% do frete original;Frete peso cobrado pelo maior peso (físico ou cubado). Reentrega cobrada 50% do frete original. Devolução cobrada 100%.
União Paulista;SP;Araçatuba;Até 24h;Fiat Strada;60,00;Até 51 kg (sem cubagem);0,85;300;1.500,00;50% do frete original;100% do frete original;Frete peso cobrado pelo maior peso (físico ou cubado). Reentrega cobrada 50% do frete original. Devolução cobrada 100%.
Urupês;SP;Catanduva;Até 24h;Van de Carga;60,00;Até 51 kg (sem cubagem);0,85;300;1.500,00;50% do frete original;100% do frete original;Frete peso cobrado pelo maior peso (físico ou cubado). Reentrega cobrada 50% do frete original. Devolução cobrada 100%.
Urânia;SP;Santa Fé do Sul;Até 24h;Van de Carga;60,00;Até 51 kg (sem cubagem);0,85;300;1.500,00;50% do frete original;100% do frete original;Frete peso cobrado pelo maior peso (físico ou cubado). Reentrega cobrada 50% do frete original. Devolução cobrada 100%.
Valentim Gentil;SP;Santa Fé do Sul;Até 24h;Van de Carga;60,00;Até 51 kg (sem cubagem);0,85;300;1.500,00;50% do frete original;100% do frete original;Frete peso cobrado pelo maior peso (físico ou cubado). Reentrega cobrada 50% do frete original. Devolução cobrada 100%.
Viradouro;SP;Barretos;Até 24h;Fiat Strada;60,00;Até 51 kg (sem cubagem);0,85;300;1.500,00;50% do frete original;100% do frete original;Frete peso cobrado pelo maior peso (físico ou cubado). Reentrega cobrada 50% do frete original. Devolução cobrada 100%.
Vista Alegre do Alto;SP;São Carlos;Até 24h;Fiat Strada;60,00;Até 51 kg (sem cubagem);0,85;300;1.500,00;50% do frete original;100% do frete original;Frete peso cobrado pelo maior peso (físico ou cubado). Reentrega cobrada 50% do frete original. Devolução cobrada 100%.
Vitória Brasil;SP;Santa Fé do Sul;Até 24h;Van de Carga;60,00;Até 51 kg (sem cubagem);0,85;300;1.500,00;50% do frete original;100% do frete original;Frete peso cobrado pelo maior peso (físico ou cubado). Reentrega cobrada 50% do frete original. Devolução cobrada 100%.
Votuporanga;SP;Santa Fé do Sul;Até 24h;Van de Carga;60,00;Até 51 kg (sem cubagem);0,85;300;1.500,00;50% do frete original;100% do frete original;Frete peso cobrado pelo maior peso (físico ou cubado). Reentrega cobrada 50% do frete original. Devolução cobrada 100%.
Zacarias;SP;Araçatuba;Até 24h;Fiat Strada;60,00;Até 51 kg (sem cubagem);0,85;300;1.500,00;50% do frete original;100% do frete original;Frete peso cobrado pelo maior peso (físico ou cubado). Reentrega cobrada 50% do frete original. Devolução cobrada 100%.
Álvares Florence;SP;Santa Fé do Sul;Até 24h;Van de Carga;60,00;Até 51 kg (sem cubagem);0,85;300;1.500,00;50% do frete original;100% do frete original;Frete peso cobrado pelo maior peso (físico ou cubado). Reentrega cobrada 50% do frete original. Devolução cobrada 100%.
